Timer,State,InteractionTorque,Angle,MotorTorque,HumanTorque
0.033448303,flexion,-3.900372401956611,14.924428341622681,-5.0,-19.53223785337914
0.066818218,flexion,-6.46961388797324,14.546844403701266,-5.0,-15.890087746686628
0.100317157,flexion,-6.739451255939559,13.147718308407402,-5.0,-14.27007432664806
0.133486771,flexion,-7.004105167529103,11.317302410890976,-5.0,-11.628856275096553
0.166733943,flexion,-7.086662166154692,9.31640114928689,-5.0,-8.432730489044928
0.200266696,flexion,-7.061400896000751,7.327075276800456,-5.0,-4.149110593406263
0.233418487,flexion,-6.920474543550067,5.533013929670807,-5.0,-0.6869059480386213
0.266718608,flexion,-6.6515092519634695,4.108121267360224,-5.0,1.9957125206703452
0.3000815,flexion,-6.456637193038021,3.1408457487764023,-5.0,3.05653901830129
0.333476391,flexion,-6.266639073271142,2.5937753602454063,-5.0,3.25206547502186
0.366839142,flexion,-3.742887201340414,2.8347558885464217,-5.0,5.3430704148522805
0.400244193,flexion,-3.4350524511986156,3.725944325076189,-5.0,6.940943086073817
0.433489401,flexion,-3.1386421417274355,5.230957603026601,-5.0,7.05505239957623
0.46684057,flexion,-2.854147058944392,7.236952080798649,-5.0,7.582155531072231
0.500310604,flexion,-4.408555907295565,9.768227865722675,-5.0,7.52927616103799
0.533446614,flexion,-17.69925966867547,12.62533760951678,-5.0,6.866781094963952
0.56695427,flexion,-3.0528017597084105,15.89836708932884,-5.0,6.172711476732148
0.600271134,flexion,-2.2016577624462963,19.310340022709788,-5.0,5.153971182794388
0.633455967,flexion,-2.112723686845338,22.76761287110783,-5.0,4.004824388598306
0.666873191,flexion,-2.0287534311614532,26.444654994620656,-5.0,2.8919826388810232
0.700164977,flexion,-1.9690543282971718,30.246435087883054,-5.0,2.5432506312217003
0.73344989,flexion,-1.911498390497055,34.289836029366896,-5.0,2.8076788067199967
0.76679088,flexion,10.602657744632868,38.093576050799456,-5.0,1.8790444882185904
0.80049086,flexion,-2.057750770844139,41.69732838999747,-5.0,0.3466847185256876
0.833482808,flexion,21.43948470091212,44.62638684312175,-5.0,-0.7052770170642573
0.866876397,flexion,-2.24187226515583,48.11717964871453,-5.0,-1.8920255350032122
0.9001348,flexion,-2.3835225071364983,51.24163622981482,-5.0,-2.8286420433457664
0.933463756,flexion,-2.5614419996648436,54.081958743600936,-5.0,-4.015945053346097
0.966777103,flexion,-2.698076791997204,56.62639991212176,-5.0,-5.045087540664797
1.000255674,flexion,42.33054465300239,58.88338385368153,-5.0,-5.319288461478611
1.03347921,flexion,-2.961102675297748,60.861393994803706,-5.0,-6.082562315331673
1.066801184,flexion,-3.16950602682504,62.568588483134874,-5.0,-6.143531864292342
1.100333196,flexion,50.77463156858994,64.06464293901668,-5.0,-5.97657208809235
1.133480999,flexion,-3.3990481430563086,65.23106779180102,-5.0,-6.192046106346691
1.166904445,flexion,43.977647243454015,66.1899172971448,-5.0,-6.2002331454344155
1.200244763,flexion,-3.6022854195058596,66.97759439148052,-5.0,-5.813123989808223
1.233481875,flexion,-3.7004128001006853,67.58768183353455,-5.0,-5.635768301058572
1.266853763,flexion,-3.802681100343949,68.0401968187497,-5.0,-5.358126931094723
1.30019349,flexion,-3.8439344621046985,68.36579530195675,-5.0,-4.994509616079688
1.333466881,flexion,45.75184265692774,68.5771140297716,-5.0,-3.826155260655185
1.366801389,flexion,-3.9092195104371488,68.73652358571104,-5.0,-3.3175748765384725
1.400234733,flexion,-3.902735214541388,68.89424686621793,-5.0,-2.831903383202328
1.433478218,flexion,-3.930908340167047,69.05672397642459,-5.0,-2.4169384513080043
1.466779742,flexion,-3.910830522463148,69.26120911908858,-5.0,-1.9284161508785682
1.500283971,flexion,-3.8463031026777386,69.53119581088012,-5.0,-1.544651936371403
1.533420914,flexion,-3.8306731588262384,69.86758340773534,-5.0,-1.2034763206145456
1.566901268,flexion,-3.7658370331921196,70.29378743409413,-5.0,-0.849788029193361
1.600282424,flexion,-3.7116275734929998,70.82792834214067,-5.0,-0.4160731030409768
1.633483638,flexion,-3.650860089590681,71.46336022638283,-5.0,-0.11720478748677743
1.666774482,flexion,-3.5928514417545037,72.21985914278685,-5.0,-0.1437904270471202
1.700263673,flexion,-3.538014421898552,73.06214797303663,-5.0,-0.24038217491681224
1.73346146,flexion,-3.4516957371095147,74.0031346782616,-5.0,-0.42112630938512585
1.766799644,flexion,-3.4523846502306754,75.03710262189261,-5.0,-0.915955019617834
1.800119183,flexion,-3.404853975080836,76.14557176702617,-5.0,-1.2558054357533246
1.833398015,flexion,-3.4116229388758192,77.20852394368029,-5.0,-1.8291472087841634
1.86677342,flexion,-3.390072492762907,78.31024742321618,-5.0,-2.4387038635056832
1.900098379,flexion,-3.4105010995053657,79.44952305418371,-5.0,-3.0784492975936475
1.933442674,flexion,-3.487842842593884,80.49184175509816,-5.0,-3.8907803158997893
1.966787311,extension,-3.501558872309623,81.41389612325126,1.0,-4.629771232858565
2.000375549,extension,2.3088043470182362,82.04272176116012,1.0,-5.062030078733385
2.033457096,extension,2.047502296544341,82.28602969897497,1.0,-5.099272840914471
2.066772237,extension,-0.13931334876754609,82.15393233950572,1.0,-5.281168272945534
2.100253081,extension,-0.2511692366320766,81.69968058472568,1.0,-4.993962357071316
2.133423087,extension,-0.4620966450956381,80.97871416991443,1.0,-4.842089976879144
2.166801136,extension,-0.5619998276835068,80.00655448850226,1.0,-4.548845449885274
2.200310295,extension,-0.650600832095638,78.76893942733572,1.0,-3.8555458919998395
2.233484568,extension,-0.7772723175399606,77.3871327889341,1.0,-3.087793136844464
2.266852068,extension,-0.8043297466829413,75.87747401277365,1.0,-2.4347605241620034
2.300322352,extension,-0.8737007023327502,74.21498322696502,1.0,-1.7901695089845775
2.333490674,extension,-0.8852981333360079,72.55119445850707,1.0,-1.001395460461228
2.366773283,extension,-0.89943208274531,70.87056659269814,1.0,-0.30814923784603454
2.400204664,extension,-0.8716185644039204,69.26127976286209,1.0,0.3925251778128325
2.433479738,extension,-0.8475781431120029,67.65428096399668,1.0,1.1732846500173242
2.46695391,extension,-0.8134083810387943,66.05275330232206,1.0,1.488288629081166
2.500564281,extension,-0.7889277022122931,64.5939332974625,1.0,1.3663511864374083
2.533446941,extension,-0.7665744962910236,63.093994409696194,1.0,0.9799027198973803
2.566795504,extension,-1.4407945000616171,61.79264734294156,1.0,1.3039080003937153
2.600252915,extension,-1.3714848039386147,60.58302147615395,1.0,1.5374844695461525
2.633503753,extension,-1.5890680696671635,59.47498419523237,1.0,1.7214644470251577
2.666804286,extension,-1.573667989835455,58.479040708269295,1.0,1.7651753242727397
2.700573487,extension,-1.0583139397670145,57.56679235518083,1.0,1.703062711399071
2.733451158,extension,-0.8323336314921221,56.78230912770925,1.0,1.5559043304992306
2.766776157,extension,-2.944794723370756,56.07925487513201,1.0,1.2576866988084054
2.800362943,extension,-0.7157587338960295,55.43249995789739,1.0,0.8639278956809966
2.833458607,extension,-0.349682920796204,54.79140844688386,1.0,0.43048724261039817
2.866773657,extension,-0.336764537749485,54.184639453426044,1.0,-0.06442840514255244
2.900106832,extension,-0.3258701818264391,53.58131926871621,1.0,-0.3803286125798276
2.933442401,extension,-0.31707162708160874,52.97898530182239,1.0,-0.32849535447633516
2.96674666,extension,-0.3070279993486227,52.396242011303,1.0,-0.09235814195642633
3.000292198,extension,-0.34055489916721204,51.788414725392514,1.0,-0.15141852233256237
3.033466571,extension,-0.3524357716710812,51.14076527101445,1.0,-0.8965470420982531
3.066825845,extension,-0.3697504129624325,50.45508525549525,1.0,-1.5616184856941149
3.100176172,extension,-0.42662757653098526,49.66860219630476,1.0,-2.3022949225139415
3.133398407,extension,-0.47662014880446824,48.808190999253554,1.0,-3.0094984249939967
3.166791705,extension,-0.5273410686843585,47.857636424064644,1.0,-3.694512871656515
3.200141491,extension,-0.6332384085791418,46.70349976626986,1.0,-4.2786736739630395
3.233485497,extension,11.933486248592567,45.42749774559484,1.0,-4.6673818663986175
3.266790648,extension,14.556479565527248,43.989952766751735,1.0,-5.1084393738683636
3.300165051,extension,-0.8799456780262134,42.344249280458584,1.0,-5.364375988441216
3.333476274,extension,9.61485365109565,40.57931340158203,1.0,-5.4876756451636455
3.36678925,extension,-1.0361091186784894,38.65933665881662,1.0,-5.498036934716649
3.400204741,extension,7.300342719305307,36.52055141567413,1.0,-5.548197864969068
3.433463154,extension,-1.1838649403676373,34.30705211539431,1.0,-5.174048835794631
3.46684483,extension,-1.2420824737456773,32.190293431886374,1.0,-5.003309596723068
3.500097271,extension,-1.2836228052962981,29.68836543107537,1.0,-4.643103530958985
3.533494748,extension,-1.317411120372318,27.19227748773677,1.0,-3.8926114886794188
3.566790191,extension,-1.3201102207836388,24.673367811736252,1.0,-3.1611257831279644
3.600396403,extension,-1.3017875127406984,22.102606951403953,1.0,-2.393353574247533
3.633449997,extension,-1.2536840613197548,19.682050243070393,1.0,-1.6542668024480267
3.666824591,extension,-1.216870109260718,17.29045284508455,1.0,-1.1602229739496652
3.700311868,extension,-1.1816158138983213,15.04590045624454,1.0,-1.2534936443975797
3.733448149,extension,-1.1345058144969493,12.87361954235121,1.0,-1.7701746091007435
3.766751747,extension,-1.102464171695046,10.771442195336355,1.0,-2.198426647478321
3.800289049,extension,-1.070346621642771,8.797664613750122,1.0,-2.5304855604515213
3.83365207,extension,-1.038617096544385,6.885622594223281,1.0,-2.716693679372297
3.866724019,extension,-0.9982425665397217,4.976437918633353,1.0,-2.5995083372744534
3.900389213,extension,-0.9694971996276778,3.1289052644050623,1.0,-2.388274871077624
3.933492051,flexion,-6.906221893549086,1.3765437504207183,-5.0,-2.326919299574555
3.96684347,flexion,-6.703656515614022,0.06117786178179329,-5.0,-2.4159907866565886
4.000167037,flexion,-3.891896652295122,0.13205103549576383,-5.0,-2.782870321954207
4.033453713,flexion,-3.739759767597759,0.5236625718031434,-5.0,-1.8447666734966433
4.066770527,flexion,-3.6301089508982134,1.146114771872641,-5.0,-0.7415815696182181
4.100160619,flexion,-3.5237563904500884,2.0210142421072734,-5.0,0.18815323651753224
4.133414162,flexion,-3.3867179684572246,3.0895810698399258,-5.0,0.7567003826295791
4.166824543,flexion,-3.28810565140489,4.4088962308929185,-5.0,0.9649824381021871
4.200317191,flexion,-3.19168870159422,5.846816843170794,-5.0,1.0362779535541606
4.233445837,flexion,-3.098635027008795,7.468757333220012,-5.0,1.113503399098561
4.266801124,flexion,-2.9766741577256735,9.26926506991208,-5.0,1.722974434287337
4.300099051,flexion,-2.8891892324593655,11.371267025950708,-5.0,2.2694156182137295
4.333440161,flexion,-2.8475742621417433,13.550900145946997,-5.0,2.5631458667222278
4.366716959,flexion,-2.7371408263712897,15.846234449291593,-5.0,2.2039365750696454
4.400251445,flexion,-2.673360199913674,18.120267460368222,-5.0,1.7800159630399888
4.433528774,flexion,-2.6314574306681315,20.643336761399677,-5.0,1.065958197799309
4.46688376,flexion,-2.6114375709874693,23.290165814138813,-5.0,0.36097545864259795
4.500274373,flexion,-2.609127143574235,25.886557826645184,-5.0,-0.5759532656120552
4.533483192,flexion,-2.6322829006171378,28.45978750512774,-5.0,-1.4720155649675164
4.566804734,flexion,-2.6642437551311238,30.96718942220427,-5.0,-2.298769024166457
4.600208823,flexion,-2.7321502102636988,33.38826655752757,-5.0,-2.93626434201218
4.633462096,flexion,-2.7947988489959634,35.75423411375606,-5.0,-3.758198446025138
4.666730358,flexion,-2.879421365097692,37.89328913981679,-5.0,-4.278511835805937
4.700161408,flexion,-2.9949253555399244,39.9107032490247,-5.0,-4.743068366443891
4.733443235,flexion,-3.0989492827305867,41.66834927594776,-5.0,-5.067636403960041
4.766789845,flexion,-3.1910863031970997,43.236871883874976,-5.0,-5.1523961389213255
4.800971669,flexion,21.261478187648066,44.63104465330578,-5.0,-5.126827691176418
4.83345901,flexion,-3.380279593453192,45.75750608335444,-5.0,-4.806829247137117
4.866720688,flexion,-3.431365768003383,46.86532583080406,-5.0,-4.5080150030967205
4.90026829,flexion,-3.4873904557951825,47.861709530998354,-5.0,-4.1247908226341075
4.933447322,flexion,-3.52519152270982,48.76878046420013,-5.0,-3.672449624713259
4.966823498,flexion,-3.559997923202344,49.60050150969312,-5.0,-3.1299031713686087
5.000098773,flexion,-3.5554511925538024,50.40383954503775,-5.0,-2.624862720306015
5.033454931,flexion,-3.5602263050487357,51.25301186982152,-5.0,-2.059699643974005
5.066754602,flexion,-3.5531850286838136,52.100494992217556,-5.0,-1.532317980984946
5.100205329,flexion,-3.521233974118519,53.027514431477435,-5.0,-1.1479525158134507
5.133453913,flexion,-3.4760098391849574,53.99973054150295,-5.0,-0.6506394567975331
5.166781247,flexion,-3.4245164975003854,55.05401362998949,-5.0,-0.3185442791269616
5.200227365,flexion,-3.3860911622064442,56.205232232840636,-5.0,-0.061296642326535755
5.233481931,flexion,-3.318113148169633,57.459019868107546,-5.0,0.1598567160436225
5.266800127,flexion,-3.292789913248924,58.80797408853073,-5.0,0.12142239469703964
5.300225366,flexion,-3.2007042439725515,60.219265191533474,-5.0,0.23561903377434945
5.333443472,flexion,-3.181069858170781,61.74843359590505,-5.0,-0.026756886073914576
5.366745227,flexion,-3.1268577111400857,63.40717010821098,-5.0,-0.26209380075984956
5.400468412,flexion,-3.1269850244202178,65.06759787960416,-5.0,-0.56483321911176
5.433465549,flexion,-3.122412505786475,66.75087770679342,-5.0,-1.048553613566343
5.46677591,flexion,-3.1246522393736385,68.43905188665018,-5.0,-1.4522974758972758
5.500211319,flexion,-3.144380090513951,70.14458874763743,-5.0,-1.991805094030953
5.533482355,flexion,-3.1548943687522266,71.75801732008259,-5.0,-2.4976315141154934
5.566772919,flexion,-3.222573123845822,73.290786331763,-5.0,-3.088769352286789
5.600290844,flexion,-3.2622197063654994,74.77915360910465,-5.0,-3.6541997022515327
5.633479094,flexion,-3.334214784671892,76.11288511250147,-5.0,-4.149393739813557
5.667081018,flexion,-3.4077426933695163,77.28554759789428,-5.0,-4.644971012306002
5.700097121,flexion,-3.479044650040766,78.32504262323317,-5.0,-5.069830979451082
5.733444923,flexion,-3.581813704975139,79.23385932030746,-5.0,-5.468044105371135
5.766796222,flexion,-3.663677268186804,79.98123422566853,-5.0,-5.885246334839115
5.800272428,flexion,-3.732337419827392,80.55754572242807,-5.0,-6.096017231342076
5.833445529,flexion,-3.795343758167194,80.91049973968964,-5.0,-6.370169768406781
5.866769646,flexion,55.79391190743406,81.1662999202706,-5.0,-6.384694479881869
5.900278904,flexion,-3.994323538257855,81.26331653401303,-5.0,-6.514140843138517
5.933480539,flexion,-6.019626861453316,81.23638601091355,-5.0,-6.575829216624042
5.966833772,flexion,54.1515368845791,81.16056433495424,-5.0,-6.557132030617017
6.0001425,flexion,-6.077007810843023,81.04169177199876,-5.0,-6.659367486441927
6.033446158,flexion,-6.07312015526065,80.89117980836676,-5.0,-6.741274083371348
6.066775947,flexion,-6.136172795816,80.7022688567133,-5.0,-6.722943325687903
6.10008212,flexion,-6.131317440709014,80.46312034118826,-5.0,-6.887752783482342
6.133477683,flexion,-6.131652796607836,80.18965626085065,-5.0,-7.037750253525836
6.166982803,flexion,-6.19211038795307,79.87688927680162,-5.0,-7.023958939420499
6.200169881,flexion,-6.19465245446858,79.50949947348943,-5.0,-7.231944323070824
6.233439895,flexion,-6.245734531838786,79.09741419752943,-5.0,-7.390759818516771
6.266873871,flexion,-6.237059771784431,78.63260961437908,-5.0,-7.587225809796296
6.300132604,flexion,-6.280450673254311,78.10885123040916,-5.0,-7.752373399983112
6.333774665,flexion,-6.321060441253683,77.5230301179474,-5.0,-7.899877567593889
6.366772042,flexion,-6.369888797854914,76.84583586482903,-5.0,-7.997797116747966
6.400246525,flexion,-6.420861216410537,76.14056516199805,-5.0,-8.19189236459505
6.433497664,flexion,-6.455556103216362,75.41493037811611,-5.0,-8.440553669759272
6.466941959,flexion,-6.461381236259665,74.54908602242924,-5.0,-8.520238166858592
6.500191395,flexion,-6.538180125131731,73.60463810766788,-5.0,-8.66675336155262
6.533478462,flexion,-6.554891776821027,72.55680144158077,-5.0,-8.681156533191587
6.566872331,flexion,-6.619002633111831,71.46561249395037,-5.0,-8.763671072789675
6.600187792,flexion,-6.636405156782934,70.26587296680648,-5.0,-8.67192691135772
6.633465251,flexion,-6.652273946749825,69.03304109277377,-5.0,-8.803286685949953
6.666767938,flexion,-6.697058335838174,67.73505619906652,-5.0,-8.76334229319971
6.70024247,flexion,-6.725234296996044,66.38592302399528,-5.0,-8.69722502631685
6.733479001,flexion,-6.744061330464793,64.95170721144243,-5.0,-8.72601977735204
6.766836653,flexion,-6.7661496636481155,63.692151410107094,-5.0,-8.886461186228106
6.800423137,flexion,-6.765103586639459,62.402222335516605,-5.0,-8.949578214080065
6.833415075,flexion,-6.804105461518292,60.98923303437395,-5.0,-9.057436819113937
6.866767075,flexion,-6.820025882554221,59.45800129297168,-5.0,-9.090445361865891
6.900118284,flexion,-6.834352086566234,57.90081144890605,-5.0,-8.984963982233797
6.933481104,flexion,-6.826652601611686,56.27018072631578,-5.0,-9.016331791529124
6.966824067,flexion,-6.8384639779202585,54.67867888165001,-5.0,-8.960098801154272
7.000238636,flexion,-6.83010674666815,53.12838677658185,-5.0,-8.977381496287633
7.033535341,flexion,20.829999452091023,51.58464534481578,-5.0,-9.029924474455843
7.066772934,flexion,-6.835831972598798,49.99628263935146,-5.0,-9.120931250724295
7.100173387,flexion,12.347364330178909,48.41641168272509,-5.0,-9.119980173675263
7.133484028,flexion,-6.8374330093621865,46.7855560640408,-5.0,-9.206154171817492
7.166844415,flexion,-6.823459315859572,45.17237049211595,-5.0,-9.25696662020625
7.200327844,flexion,-6.8053400418529115,43.620373081629246,-5.0,-9.381970042034958
7.23344585,flexion,9.059238897556439,42.07293643251453,-5.0,-9.532426571258252
7.266818319,flexion,5.630297562935674,40.52254635586645,-5.0,-9.66806070965799
7.300236315,flexion,-6.825141883132267,38.91113113543206,-5.0,-9.754049242996672
7.333446867,flexion,-6.839368014382975,37.318580981326285,-5.0,-9.995022287756067
7.366756707,flexion,-6.853488443253445,35.68854456604244,-5.0,-10.030041584723222
7.400196584,flexion,-6.887622189732622,33.95825849961057,-5.0,-10.180567092219416
7.43343589,flexion,-6.916900062167933,32.2140043545367,-5.0,-10.188576833301093
7.466807056,flexion,-6.946656625480399,30.461387074420273,-5.0,-10.193155187698018
7.500121706,flexion,-6.983307427728068,28.64095942729014,-5.0,-10.130450890095316
7.533465711,flexion,-7.024199302781816,26.692632414999963,-5.0,-10.026407624829982
7.566928601,flexion,-7.0545360383127935,24.67889412421681,-5.0,-9.726263312325646
7.600273167,flexion,-7.0790143867026565,22.550276937377216,-5.0,-9.353201601371534
7.633480864,flexion,-7.093934645837034,20.452647028426,-5.0,-8.87890557138024
7.666796776,flexion,-7.097312112707477,18.78463570251131,-5.0,-8.8291801167993
7.700169305,flexion,-7.109665336896445,17.03952075742072,-5.0,-8.773479572588041
7.733478534,flexion,-7.114072386414772,14.959460542097213,-5.0,-8.241379128936899
7.766781922,flexion,-7.108792662321519,12.820435546538178,-5.0,-7.812280260341202
7.800330765,flexion,-7.078287503048578,10.661575023431851,-5.0,-7.231116711444585
7.833449884,flexion,-7.041611893585911,8.703107355664217,-5.0,-6.724198150185316
7.866830158,flexion,14.939460465837888,6.7275104303280715,-5.0,-6.2857200744930415
7.900152481,flexion,-6.889383750300692,4.999622270198757,-5.0,-5.907823229704446
7.933454767,flexion,-6.8310370489795185,3.3023242128526955,-5.0,-5.8013176354863765
7.96683434,flexion,-6.766350042650206,1.7894415555387526,-5.0,-5.77825093290318
8.000303933,flexion,-6.5911753060136204,0.6414715201742482,-5.0,-7.43693880240145
8.033491611,flexion,-3.9475952052833847,0.010329671485297039,-5.0,-7.468315381205968
8.066763369,flexion,-3.8358216476689213,0.22707364124604587,-5.0,-5.424925151560661
8.100133414,flexion,-3.7218351670943086,0.7082556538905193,-5.0,-3.8267538491294593
8.133539927,flexion,-3.6122339019797947,1.4070402475144694,-5.0,-1.9247200777349562
8.166891106,flexion,-3.50967991624342,2.266202519560636,-5.0,-0.11134919102786145
8.200113901,flexion,-3.4065480098876115,3.278265164339626,-5.0,0.7733121956944278
8.233448498,flexion,-3.3053258653740745,4.5874611987779055,-5.0,1.359896728064167
8.266883135,flexion,-3.178958839614407,6.06360681685597,-5.0,1.803867568039697
8.300263228,flexion,-3.083731594173714,7.682144968614911,-5.0,1.9401447139916779
8.333439255,flexion,-2.9941701774526415,9.59730573220256,-5.0,2.301448696926331
8.366776968,flexion,-2.8760603952780874,11.64258008635576,-5.0,2.699900585952234
8.400107287,flexion,-2.8417521854988204,13.780156199089022,-5.0,2.6040221186020673
8.433478123,flexion,-2.7922787456414007,16.10919934401974,-5.0,2.391981228615124
8.466800046,flexion,-2.7449851801386513,18.452529109429197,-5.0,1.9947557871332087
8.500205658,flexion,-2.7260921629160793,20.913259157953505,-5.0,1.404231691171263
8.533469,flexion,-2.738187324949624,23.302101056975275,-5.0,0.9301937689737698
8.566831099,flexion,-2.762437894236812,25.726024603523232,-5.0,0.45200522050600545
8.6002942,flexion,10.054894770460837,28.006994761682375,-5.0,0.054497195543534716
8.633476969,flexion,-2.848475995961925,30.20388017730926,-5.0,-0.24240465288691726
8.66680824,flexion,-2.8131013062120287,32.40239508547532,-5.0,-0.6184088113763004
8.700314843,flexion,-2.803735311671648,34.70837744636594,-5.0,-1.1480791357560858
8.733483275,flexion,-2.811147148686148,36.943107220038925,-5.0,-1.5766869376432817
8.766748831,flexion,-2.8342261999759595,39.14839466291853,-5.0,-2.0430774899922133
8.800158882,flexion,-2.873392855920347,41.304689075374,-5.0,-2.6056064379215877
8.833487157,flexion,-2.915701195307106,43.439331089954074,-5.0,-2.9798839118215543
8.866778402,flexion,-2.985710950084518,45.40869409633653,-5.0,-3.336904071740454
8.900090967,flexion,-3.0506651038612045,47.25744176339217,-5.0,-3.569919221439635
8.93344959,flexion,-3.0983341441145256,48.98375261078533,-5.0,-3.8552009786956836
8.966728391,flexion,24.052949841364516,50.56906470237883,-5.0,-3.998257037737291
9.000316299,flexion,-3.250352200970628,52.06730310480451,-5.0,-3.96176935527291
9.033474501,flexion,-3.312878892718633,53.40088857605185,-5.0,-3.8852397958706644
9.066834747,flexion,-3.375946922462309,54.623573330142584,-5.0,-3.744403421691339
9.100224929,flexion,28.442975484939833,55.752432435311235,-5.0,-3.500765910732814
9.133441593,flexion,-3.4491633921323954,56.83365545540309,-5.0,-3.292175956826365
9.166749028,flexion,-3.493992203767969,57.82209006233929,-5.0,-2.9212167079560043
9.200321897,flexion,-3.502786158486548,58.80044583042989,-5.0,-2.7262676672412183
9.233478727,flexion,-3.515793592761246,59.71638422547769,-5.0,-2.4768016819270935
9.266961796,flexion,-3.5317896293088653,60.623174540665644,-5.0,-2.155213533613163
9.300177007,flexion,-3.5067285374342,61.56102995454551,-5.0,-1.8427031225773058
9.333463062,flexion,39.860528040606525,62.42598364072893,-5.0,-1.5374943256785578
9.366805594,flexion,39.47770031295887,63.29155010150288,-5.0,-1.2161309241051963
9.400221786,flexion,-3.4537719760173857,64.31744286698007,-5.0,-1.0598616074360763
9.433467685,flexion,-3.4509435821225205,65.36815253564984,-5.0,-0.92627192820894
9.467056734,flexion,-3.397579673890585,66.47068372146465,-5.0,-0.9367790691236318
9.500208305,flexion,-3.3905488418670817,67.6546926277662,-5.0,-1.0099469587948375
9.533461888,flexion,-3.3551928238799187,68.84347392115534,-5.0,-1.0732421020145826
9.566769834,flexion,-3.351533867084572,70.07224404102352,-5.0,-1.2733255539110813
9.600205764,flexion,-3.35166678570691,71.32572857266683,-5.0,-1.5205815541436998
9.633442776,flexion,-3.328769312419362,72.58797025439496,-5.0,-1.9107713513759421
9.666775069,flexion,-3.3385118994776843,73.84227084165073,-5.0,-2.2437659604314755
9.70018037,flexion,-3.346303139252653,75.09727354501972,-5.0,-2.6826335784046087
9.733446467,flexion,-3.3859008106979083,76.2706500474875,-5.0,-3.196495800807212
9.766816651,flexion,-3.461785609299315,77.40178047453362,-5.0,-3.7296337391176726
9.800365064,flexion,-3.4744316278619665,78.41293410390061,-5.0,-4.144068619092466
9.833599672,flexion,-3.5731281460342803,79.2879846648403,-5.0,-4.761240986782642
9.866763926,flexion,55.287946030564726,80.06487474218306,-5.0,-5.062674069922013
9.900153737,flexion,-3.6652270621739342,80.70215252262427,-5.0,-5.504331020060793
9.933523782,flexion,-3.736443499931526,81.20934823448304,-5.0,-5.850527558542778
9.96681661,extension,63.81123334120839,81.50977242474049,1.0,-6.039141203432478
10.000318875,extension,57.306930065132825,81.47605570941285,1.0,-5.976190284907814
10.033485353,extension,57.909989928739215,81.13649059910061,1.0,-5.677317218444287
10.066776478,extension,-0.4113080503999177,80.46814759721467,1.0,-5.4778060445447085
10.100198871,extension,-0.5704521317202471,79.50793013437887,1.0,-5.125631318130952
10.133485377,extension,-0.6655426175408365,78.29976915050396,1.0,-4.479013169629855
10.166776231,extension,-0.798249048255333,76.88282041418103,1.0,-3.661220783085895
10.200153149,extension,-0.8765492560803286,75.2606769392749,1.0,-2.882876842468542
10.233447058,extension,-0.8991348897640519,73.58394085019644,1.0,-1.8454770162117635
10.266796053,extension,-0.9101853823423953,71.84157645084903,1.0,-0.8108893806615232
10.300145418,extension,-0.9222510100006742,70.08152777666086,1.0,-0.054910961310451534
10.333479354,extension,-0.8948573643435157,68.3272703013808,1.0,1.0530205545966096
10.366811426,extension,-0.8603225906880039,66.68057649869219,1.0,1.756221904745706
10.400374867,extension,-0.8350277538236479,65.03924427352726,1.0,1.7866214845891293
10.433414816,extension,-0.8109231398458033,63.5213145147228,1.0,1.5378361965335086
10.46681146,extension,-2.2655961216507716,62.21448255189085,1.0,2.1088355089779802
10.500225157,extension,-2.5312154166930823,61.056790893066086,1.0,2.543178801028896
10.53347857,extension,-2.81843324057141,60.04683297695678,1.0,2.856503754686319
10.566768112,extension,-2.937779391767412,59.257018635703695,1.0,2.989870194448319
10.600168895,extension,-2.7450384209115546,58.65312522622467,1.0,2.96245525309303
10.633478605,extension,-1.8340503677261055,58.206080713726024,1.0,2.772195605534244
10.666772955,extension,-1.597176955053013,57.915795317891785,1.0,2.3677888749144147
10.700347187,extension,-1.3138996865935022,57.72636478511791,1.0,1.8527972457637247
10.733480422,extension,-0.09081257338081139,57.59906989614704,1.0,1.1796524780197295
10.766723335,extension,-0.0858021528258317,57.4763864127659,1.0,0.42920208863941023
10.800509769,extension,-0.08245989747187221,57.32553288518375,1.0,-0.2600440643244988
10.833738075,extension,-0.0807344263350882,57.19724835309805,1.0,-0.674768863414553
10.866783533,extension,-0.07810379775358722,57.05065954952634,1.0,-0.4783377615547362
10.900294004,extension,-0.15133673053603203,56.829819565625286,1.0,-0.7243579651967567
10.933445935,extension,-0.2066863224064568,56.481893372524986,1.0,-1.6661398123771747
10.966792705,extension,-0.2666656596672151,56.03224364587533,1.0,-2.520575120436221
11.000333563,extension,-0.32656006566301865,55.41684974467067,1.0,-3.332361868802815
11.033484522,extension,28.11864822640009,54.646569232428455,1.0,-4.102954443551191
11.066939177,extension,-0.5312155739884938,53.686882135786156,1.0,-4.806907430075454
11.1003403,extension,-0.6565199478519422,52.52121282904743,1.0,-5.321672283169512
11.133476501,extension,-0.7760179009654694,51.14172749214136,1.0,-5.777046985885388
11.166878746,extension,-0.8875071421372637,49.54999549625345,1.0,-6.143128234861042
11.200210668,extension,-0.9725236154257855,47.69601632732206,1.0,-6.246370154465627
11.233609367,extension,-1.0958664932934972,45.700607026942265,1.0,-6.31733949507271
11.266765505,extension,10.802492379413605,43.594568822019404,1.0,-6.08965783875407
11.30030969,extension,-1.2529179224029718,41.19431764780637,1.0,-5.825539624220901
11.333448045,extension,8.376507365062068,38.72573461642303,1.0,-5.295788817588548
11.366797871,extension,9.619490069558864,36.15275468513012,1.0,-4.707567975190037
11.400279176,extension,4.483317924858987,33.43157157873761,1.0,-4.000391822388278
11.433613663,extension,-1.4045841493530329,30.76090346456365,1.0,-3.130524505252904
11.466887054,extension,-1.3792566803959532,28.118422996289645,1.0,-2.173613299656558
11.500153431,extension,-1.3376963488574403,25.630723669657538,1.0,-1.3113393924005854
11.533442683,extension,-1.2991724999979724,23.085150848072843,1.0,-0.7397919702189846
11.566810573,extension,-1.2488006082869791,20.695242848763204,1.0,-0.8403414114385922
11.60018754,extension,-1.2122970647147076,18.38230609058353,1.0,-1.3232188109174416
11.633468045,extension,-1.176919752626246,16.27749058735815,1.0,-2.0071692717041163
11.666843349,extension,-1.1419175400888462,14.106708622024257,1.0,-2.258747784935275
11.70015382,extension,-1.1040717312981316,12.144230215199146,1.0,-1.9984196363695843
11.733470964,extension,-1.059574026578567,10.23703950781639,1.0,-1.5585621063795978
11.766801023,extension,-1.0307118070106278,8.270350553074165,1.0,-1.296554665028896
11.800459494,extension,-0.9351817817761328,6.436995691922477,1.0,-1.2785870016627259
11.833474495,extension,-0.87836623866196,4.993264405086284,1.0,-1.4394777292171435
11.866773995,extension,-0.8212466495809877,3.5101367805795554,1.0,-1.5295508777329858
11.90015482,flexion,-29.281319791142824,1.9740884788146313,-5.0,-1.7351748577828572
11.933423973,flexion,-6.535011766437371,0.808330113749803,-5.0,-2.065120210072924
11.966775191,flexion,-6.343482152862557,0.062487427984809815,-5.0,-2.4871835872623658
12.000234525,flexion,-3.905778651507802,0.11885999205725305,-5.0,-2.7106407857789985
12.03347822,flexion,-3.7522359153082303,0.4843277096955683,-5.0,-1.2513689531189804
12.066764174,flexion,-3.6438449976291993,1.0812393325599143,-5.0,-0.2397860469090623
12.10020871,flexion,-3.536356349039613,1.9306481692068063,-5.0,0.4254029233163761
12.133476731,flexion,-3.399005149533264,2.975400957506213,-5.0,0.8611653381328708
12.166800327,flexion,-3.3009388369612616,4.229826606618788,-5.0,1.131577876802183
12.200235785,flexion,-3.204473745837743,5.546593960034579,-5.0,1.2085244393285757
12.233440035,flexion,-3.1085297675403423,7.078290506869478,-5.0,1.6374759679923063
12.266809989,flexion,-3.0183418405457303,8.894071710321544,-5.0,2.0789009218541294
12.300331952,flexion,-2.900189540680379,10.895072939899926,-5.0,2.6226747757505406
12.333491086,flexion,-2.815545856911023,13.074807433698071,-5.0,3.0078504461274136
12.366807058,flexion,-2.770392569010654,15.32550304041034,-5.0,3.0819897148378077
12.400347235,flexion,-2.7099787761018876,17.812612640816766,-5.0,2.440230531082442
12.433475801,flexion,-2.674717463534078,20.297574769876324,-5.0,1.6252569369076395
12.466870802,flexion,11.14031562942488,22.87770678704486,-5.0,0.9355718128356779
12.500194849,flexion,15.182730849880231,25.33454453487951,-5.0,0.41348995114588416
12.533482287,flexion,12.182149304523877,27.69934308625736,-5.0,-0.3686385406326492
12.566774063,flexion,2.4515361835689684,30.006555245867037,-5.0,-0.8456910386288896
12.600262942,flexion,2.8119167337303628,32.404781079037136,-5.0,-1.3246989002208438
12.633475558,flexion,5.132398770814044,34.64252805326053,-5.0,-1.8994695513386683
12.666801719,flexion,-2.806374440441076,36.76582595019919,-5.0,-2.469855190664082
12.700192102,flexion,2.494176229946065,39.011397693400504,-5.0,-3.053828838346668
12.733480702,flexion,11.629896781393432,41.07495452745399,-5.0,-3.5862254821043136
12.766879581,flexion,11.571675547795806,43.06837284909219,-5.0,-3.996209150554054
12.800246188,flexion,-3.06340688569842,44.808175625732424,-5.0,-4.186704647392889
12.83344605,flexion,12.751107705708005,46.45901456495395,-5.0,-4.334229635557605
12.866754006,flexion,-3.2049377978086406,47.7818484626107,-5.0,-4.281222405330677
12.900255119,flexion,-3.2960050191293324,49.19381111853444,-5.0,-4.193077034287989
12.933482994,flexion,-3.3643250780491956,50.4332766845594,-5.0,-4.182935441104626
12.966866634,flexion,-3.4091760838082408,51.55962359809159,-5.0,-3.8783321084803424
13.000303775,flexion,-3.478721118778565,52.56174561034342,-5.0,-3.5824114297307905
13.033487596,flexion,-3.499682062600649,53.52257992568807,-5.0,-3.271201997390035
13.066814388,flexion,-3.5144272816659026,54.43121274468892,-5.0,-2.8918918497670667
13.10018834,flexion,-3.534711046085434,55.342074601752344,-5.0,-2.5006372369311896
13.13348254,flexion,-3.5301251794867543,56.22062696894186,-5.0,-2.0834384483885504
13.166941674,flexion,-3.5261795798332054,57.10649749738812,-5.0,-1.7553855693302725
13.200330293,flexion,-3.5176191602973867,58.057891518073994,-5.0,-1.3685437997887284
13.233481152,flexion,-3.4905991196917343,59.018564310173225,-5.0,-1.0478898925587747
13.26677442,flexion,-3.46682872247191,60.03887027804522,-5.0,-0.8528888055686599
13.300234946,flexion,35.076549531935314,61.15703083450447,-5.0,-0.6024516049778872
13.333439296,flexion,-3.386575429902995,62.31229281589713,-5.0,-0.5344441709087187
13.366752363,flexion,-3.329345856048758,63.54135902612813,-5.0,-0.535042122908199
13.400180066,flexion,-3.3121972339803785,64.87915019482624,-5.0,-0.5583360471406786
13.433493022,flexion,-3.271077122281749,66.2266046095363,-5.0,-0.6936742920358341
13.466773807,flexion,-3.2680742890619614,67.62396268840376,-5.0,-0.965887520305561
13.500268758,flexion,46.956830089426404,69.09257970414987,-5.0,-1.2588567967189377
13.533533953,flexion,-3.2422369465255376,70.52893649610641,-5.0,-1.6033107090541443
13.566769273,flexion,-3.2515081057648336,71.95909931087917,-5.0,-1.9643056910483416
13.600329147,flexion,-3.2620664039784737,73.3564140384297,-5.0,-2.4702405400513854
13.633478323,flexion,-3.298674441348072,74.70705899451937,-5.0,-2.84957357599636
13.666767483,flexion,-3.31470494285914,75.9945320486726,-5.0,-3.442495467273255
13.700416266,flexion,-3.38986873246166,77.19933637915929,-5.0,-3.837136374509403
13.733412431,flexion,-3.4288009580164953,78.29181503387679,-5.0,-4.25197771424763
13.766786243,flexion,-3.505189062141974,79.26655349245705,-5.0,-4.758955703623375
13.800209648,flexion,-3.581541376934025,80.0979204509226,-5.0,-5.15160930210755
13.833387197,flexion,-3.654156589666505,80.76679644775379,-5.0,-5.5884045712048565
13.86677239,flexion,-3.751959592169518,81.29366930620196,-5.0,-5.908943479712385
13.900325552,extension,2.0688356765492024,81.60142222669275,1.0,-6.0892064235779255
13.933486209,extension,-0.1168950600946218,81.47379201904208,1.0,-6.078817205369093
13.966990728,extension,-0.34395655819476567,80.99469981688502,1.0,-5.833573040862648
14.000273316,extension,-0.5105558557453105,80.19527837732907,1.0,-5.4491466244046585
14.033461105,extension,-0.6057992509654697,79.1947973212811,1.0,-4.805324089714906
14.066783469,extension,-0.6903688645474813,77.89350145468013,1.0,-4.214879458038883
14.100396564,extension,-0.8186544655918411,76.40963965375128,1.0,-3.226602386184738
14.133482189,extension,-0.8948566811888938,74.73997741052762,1.0,-2.334390200754432
14.166807698,extension,-0.9155818200388048,73.03936098913854,1.0,-1.2625550162230281
14.200439419,extension,-0.9219786148013016,71.31142950889505,1.0,-0.16947890180819816
14.233455702,extension,-0.8935642466794707,69.55328574893188,1.0,0.7577078186157977
14.266847808,extension,-0.8673331952228823,67.90271729614552,1.0,1.6186319608304007
14.300196412,extension,-0.8338637121586305,66.25768751819537,1.0,1.9221353165994741
14.333525919,extension,-7.5853461457185265,64.78601506580829,1.0,1.8342476011785107
14.36686245,extension,-4.4046878917432055,63.49288244429,1.0,2.5935923292168974
14.400213708,extension,-2.919029579826145,62.41037018466015,1.0,3.0857436967314156
14.433462753,extension,-3.5694815280177425,61.5250891725624,1.0,3.5295980808253846
14.466758917,extension,-3.5969446863525816,60.8366750579545,1.0,3.7722445926769557
14.500118231,extension,-3.62340477275284,60.36736492873616,1.0,3.8418974804280768
14.533517972,extension,-2.781582040625758,60.133160977791846,1.0,3.66173548170814
14.566787806,extension,-2.2167793903296262,60.089257713485374,1.0,3.226700178343224
14.600076035,extension,0.3601744766335948,60.14383738498816,1.0,2.6921633333490047
14.633573631,extension,-0.06301733992693515,60.187225580532285,1.0,2.0812587766580752
14.666785495,extension,0.00038677845287815593,60.23532476579597,1.0,1.3480293278730315
14.700152984,extension,0.00022160607969878843,60.27262396548262,1.0,0.5967945436364833
14.733529281,extension,0.0003637013371602382,60.27727985071095,1.0,-0.188558092075751
14.766925985,extension,-0.0001895063759335125,60.2783395508102,1.0,-0.41964636684992024
14.800061995,extension,0.0006151583097319113,60.27905261436761,1.0,-0.2373682476546342
14.833451797,extension,-0.07233672461998597,60.17438840176802,1.0,-0.6233973890655773
14.866740497,extension,-0.14037968605540785,59.95524458408885,1.0,-1.6644718526174744
14.900113587,extension,-0.20861674337221336,59.62494871374441,1.0,-2.532926453946271
14.933443686,extension,-0.27773223125035673,59.13615765339825,1.0,-3.4128793834248925
14.966825001,extension,-0.3814722568243615,58.45988089739054,1.0,-4.215056298164887
15.000227507,extension,-0.4766609053358184,57.634802827856866,1.0,-4.931986450254315
15.033537407,extension,-0.6319485344910469,56.56518255769052,1.0,-5.5346302332504616
15.066755413,extension,-0.7567890594077871,55.18814455618624,1.0,-5.9730883672355715
15.100123954,extension,-0.8657040991981855,53.715893016774714,1.0,-6.452466964128734
15.133440226,extension,-0.9898173331314,52.043274633481474,1.0,-6.611287656770165
15.166874242,extension,-1.0841498980161093,49.97869508376169,1.0,-6.592445117215572
15.200260447,extension,-1.2127929578773202,47.84236533146088,1.0,-6.494625010083643
15.233461641,extension,-1.2851807002504192,45.39145452684321,1.0,-6.0898891576682335
15.266849559,extension,-1.350105314184803,42.865081639378886,1.0,-5.647746423013784
15.300279336,extension,-1.4069139593029776,40.1467931214727,1.0,-4.876513179437215
15.33348042,extension,-1.4473839756752758,37.423414874483335,1.0,-4.208945300088785
15.366918293,extension,-1.4534061563269745,34.668677160647825,1.0,-3.3046344933417986
15.400325237,extension,-1.435943407884184,31.844866342178356,1.0,-2.3318037926955673
15.433479853,extension,-1.4145764916252572,29.160095507175054,1.0,-1.531613831121426
15.466906544,extension,-1.3711619165472988,26.55071749728732,1.0,-0.7347590866845813
15.500251661,extension,-1.318986524674339,24.100639945439532,1.0,-0.24763318977555415
15.533493011,extension,-1.2803976228771683,21.65415689840909,1.0,-0.28031023028718505
15.566887021,extension,-1.2430008493124602,19.28647794063748,1.0,-0.6836611874189891
15.600288936,extension,-1.2071071789581689,17.063362698273064,1.0,-1.184888264717363
15.633486012,extension,-1.1205690702377649,14.921890267156115,1.0,-1.1129393622894153
15.666898757,extension,-1.9750865612633932,12.896879007541973,1.0,-0.7966915313253816
15.70027876,extension,-2.330561668720397,10.99825142938372,1.0,-0.4999325272470173
15.733483691,extension,-2.420077061405834,9.19282935961008,1.0,-0.33426316037909476
15.766802157,extension,-2.693658310397335,7.594962162301149,1.0,-0.3364215016607397
15.800274115,extension,-25.3795669921618,6.167439118680718,1.0,-0.334546391156329
15.83353423,extension,-0.6625347086404947,5.087781480679741,1.0,-0.8805420059342446
15.866819714,extension,-0.6146343226352154,3.9639996031118865,1.0,-1.4048455270905262
15.900223793,extension,-0.5618007567586987,2.8585620718714915,1.0,-1.9520001205525306
15.933481414,flexion,-6.492546799684973,1.8564717822256451,-5.0,-2.54634008120778
15.96674173,flexion,-6.30298871005807,1.1950010318652453,-5.0,-2.9033927278219487
16.000156058,flexion,-6.117955185608907,0.9572079205072209,-5.0,-3.3220828364275397
16.033423828,flexion,-3.961196953135425,0.936206178507108,-5.0,-1.4754648124063354
16.066770458,flexion,-3.8451428893926973,1.1705361742505669,-5.0,0.5191919983977755
16.100142295,flexion,-3.695098999366484,1.6585943012902924,-5.0,1.1354467278433713
16.133461483,flexion,-3.5871014584705874,2.3638876212938835,-5.0,1.5812763017402356
16.166783566,flexion,-3.481721177197687,3.2897292268039253,-5.0,1.610863589746192
16.200097474,flexion,-3.3796476040181824,4.429403684245664,-5.0,1.6300852068491203
16.233464242,flexion,-3.2493337232669663,5.775821406855091,-5.0,1.4159111466633703
16.26677297,flexion,-3.1522173605278536,7.322175019616849,-5.0,1.5621796913392263
16.300118498,flexion,-3.060707409732606,9.117967587876471,-5.0,2.11886074495771
16.333459396,flexion,-2.941415970897989,11.051037248413587,-5.0,2.6502811255784686
16.366795165,flexion,-2.8555637350011294,13.165465367631489,-5.0,3.008801433169608
16.400319122,flexion,-2.77170688642261,15.38320800773124,-5.0,3.287189984791269
16.433447958,flexion,-2.6640846818863793,17.83745193957586,-5.0,3.2987891702455294
16.466780732,flexion,-2.585663173505851,20.456257018135734,-5.0,3.150876958302725
16.50020571,flexion,-2.5696107682798823,23.265029315575823,-5.0,2.8002303778793283
16.533444646,flexion,-2.546784277026045,26.015148294287957,-5.0,1.885693204281397
16.566770265,flexion,-2.560417802906888,28.750025630282572,-5.0,0.9508214263280256
16.600096356,flexion,-2.6046784858815406,31.33324395289595,-5.0,0.11812550848507242
16.633527126,flexion,-2.6356604853935703,33.90277269917006,-5.0,-0.6485013899071911
16.6669499,flexion,-2.664798293167493,36.43694429499851,-5.0,-1.5120031382685084
16.700297902,flexion,-2.7044036751828107,38.968394851635246,-5.0,-2.161969141573204
16.733476543,flexion,14.693126520448283,41.31851180865169,-5.0,-3.064447652219468
16.76693779,flexion,-2.846809283838029,43.55103807535741,-5.0,-3.632997755370707
16.8003529,flexion,-2.921999784727868,45.627964015042984,-5.0,-4.188440414347594
16.833416423,flexion,-3.0073737378684315,47.477471504953385,-5.0,-4.574135220544986
16.866775436,flexion,-3.0929573762329783,49.206138257843,-5.0,-4.800085640832078
16.900181118,flexion,29.02647637940272,50.708611233744264,-5.0,-4.922774128905922
16.93357637,flexion,25.799518945796596,52.08446729808624,-5.0,-4.866735982514041
16.967129711,flexion,27.640355587014234,53.33199072169915,-5.0,-4.8380098492535835
17.000287523,flexion,30.487198445622198,54.36462445345643,-5.0,-4.720344059385955
17.033455333,flexion,22.46381157069657,55.327987182465975,-5.0,-4.405626506811842
17.066786113,flexion,-3.570135698189452,56.15804744385498,-5.0,-4.03282165441572
17.100158121,flexion,-3.6306929991345456,56.92903815206263,-5.0,-3.586471447854357
17.133485474,flexion,-3.622214071106766,57.626890840002375,-5.0,-3.2205981175800646
17.166809271,flexion,34.69257714824188,58.29427532567648,-5.0,-2.516768711520085
17.200242615,flexion,-3.6418078811611867,58.980802313341464,-5.0,-2.0792877706691253
17.233457685,flexion,-3.643339957282716,59.67178195775089,-5.0,-1.621662976809255
17.266762125,flexion,-3.612378262116092,60.41305534217163,-5.0,-1.2540932346280584
17.300156946,flexion,-3.552503494692065,61.23680649184176,-5.0,-0.8811609278867106
17.333469581,flexion,-3.5308938709520143,62.10545497408118,-5.0,-0.6933484365178259
17.366888909,flexion,36.98646257983848,63.05496442291847,-5.0,-0.42633345857554694
17.400195813,flexion,-3.410394773853875,64.13315218730256,-5.0,-0.16187343161919054
17.433486958,flexion,-3.3926404696438563,65.26397808474604,-5.0,-0.22310414864831474
17.466941803,flexion,-3.3360371450362187,66.45644284779985,-5.0,-0.182400689419564
17.50014987,flexion,46.08962570608088,67.70601254495155,-5.0,-0.4766919781462433
17.533482894,flexion,45.23910971120903,69.06590318491797,-5.0,-0.5383150232257671
17.566793054,flexion,-3.251588164929057,70.46759506507048,-5.0,-0.9066517026851098
17.60021131,flexion,-3.260316327307944,71.89702004272986,-5.0,-1.5675076321840862
17.633445326,flexion,-3.2391746763738647,73.32152027968475,-5.0,-2.2438725717329024
17.666773751,flexion,48.86722670891087,74.6960754557409,-5.0,-2.84374857218251
17.700075806,flexion,-3.324040943061454,76.05290435228765,-5.0,-3.268952116946281
17.733608409,flexion,-3.37082724430511,77.26909073856523,-5.0,-3.8495815745284245
17.766804533,flexion,-3.449895828037641,78.38034038549677,-5.0,-4.494161270090824
17.800166271,flexion,-3.5277956381922744,79.3386078755756,-5.0,-4.945989231251528
17.833447076,flexion,-3.5981378086911775,80.13926221560278,-5.0,-5.368421098646907
17.866767536,flexion,-3.6740799944543534,80.82555149369895,-5.0,-5.811187065654014
17.900165393,flexion,-3.7770651978816403,81.36823439644535,-5.0,-6.240438244405949
17.933474632,extension,2.015383644975181,81.59355843381444,1.0,-6.457245171586329
17.966791575,extension,-0.1818531302288312,81.36925683048818,1.0,-6.372151828190236
18.000211925,extension,-0.3527222985163345,80.87496390567414,1.0,-6.189199569072217
18.033479384,extension,60.065712625027196,80.05765745622253,1.0,-5.80347958986729
18.066801958,extension,-0.6664978825959018,78.94579010283039,1.0,-5.218793600259733
18.100364778,extension,-0.7578619805171551,77.51893942582986,1.0,-4.394749063461412
18.133480029,extension,-0.8365092892768781,75.93638795480564,1.0,-3.5278865828457198
18.16686444,extension,-0.953669701697371,74.21926593666181,1.0,-2.4959208285731505
18.200268549,extension,-0.9713724562982847,72.3574248937607,1.0,-1.3471362230646027
18.233473079,extension,-0.9827773668468124,70.52871189069646,1.0,-0.21114727923074594
18.266801294,extension,-0.9450931401959545,68.71735733542744,1.0,0.7910139161068285
18.30017219,extension,-0.916857957873299,66.9119310591736,1.0,1.5774180309598753
18.333463515,extension,-0.892521277722245,65.31837258182696,1.0,1.831444615573878
18.366729361,extension,-7.365816727114667,63.758397087377546,1.0,1.8945928165447303
18.400187161,extension,-2.555059116555132,62.380299615092305,1.0,2.61931661135724
18.433474439,extension,-5.379446185872412,61.19523062069777,1.0,3.2425347699602227
18.466800439,extension,-3.6022727483403822,60.23599294167514,1.0,3.651882696536269
18.50031107,extension,-4.294804515844734,59.50221409975541,1.0,3.8993098682181957
18.533484371,extension,-4.180953008293332,59.036626482135766,1.0,3.9097382736089923
18.566866287,extension,-3.644164940003815,58.79869208971546,1.0,3.6296245500722053
18.600321102,extension,-2.171178812637419,58.75568299520305,1.0,3.216910052998197
18.633474516,extension,0.2594286720122463,58.813309682160344,1.0,2.6249041423331443
18.666783414,extension,-1.056487454274989,58.8655644977968,1.0,1.9182253525870006
18.700247787,extension,0.00035427200383864044,58.91449677952972,1.0,1.2032610279014921
18.7334432,extension,-0.0004766266136474462,58.94790143578102,1.0,0.39601309708154436
18.766830877,extension,-0.0012354025623305676,58.94963062503201,1.0,-0.34346165826132613
18.800325027,extension,-0.0013960391368231795,58.950129319345855,1.0,-0.41761528446504526
18.833580584,extension,0.00033471177362209836,58.95093615144204,1.0,-0.27423572260985546
18.866772279,extension,-0.10362393261468872,58.81902468560397,1.0,-1.139217638538978
18.900159726,extension,-0.1378441919063026,58.57167206985795,1.0,-1.9797830448528715
18.933486218,extension,-0.20682445398665006,58.18631172492374,1.0,-2.9653748677168807
18.966804013,extension,-0.34906205737409224,57.62405851571281,1.0,-3.868486885621879
19.000222339,extension,-0.4444682836242517,56.86097290368126,1.0,-4.630370059634042
19.033481562,extension,-0.5521343892786275,55.872859341182014,1.0,-5.353028224631369
19.066878077,extension,-0.711315457685558,54.65520877703798,1.0,-5.892324235449584
19.100108105,extension,-0.8214246432977328,53.20628240279626,1.0,-6.286834000971998
19.133442381,extension,-0.9253443315809791,51.52031712588608,1.0,-6.502127981841781
19.166771248,extension,-1.031912636380509,49.60318100804154,1.0,-6.6296663676481264
19.200248775,extension,24.161965505016436,47.4843515176112,1.0,-6.405850555863782
19.233446743,extension,11.685411551964929,45.116198220238395,1.0,-6.1124507215458745
19.266816927,extension,-1.310389874859315,42.74087233003537,1.0,-5.797146968172769
19.300492952,extension,-1.379854870415213,40.24685285322378,1.0,-5.289513499157922
19.333446606,extension,-1.4222019155747878,37.577829225275806,1.0,-4.525558472612277
19.366791312,extension,5.591296847353601,34.84549192058341,1.0,-3.826933951000259
19.400317763,extension,-1.4704528005218127,31.991591364029013,1.0,-3.067870857686749
19.433442702,extension,-1.456511841505431,29.221715949984944,1.0,-1.8536797233301359
19.466725381,extension,-1.4280584624691066,26.500684995875854,1.0,-0.8531405859520409
19.500101436,extension,-1.3727391334241585,23.866852432924368,1.0,-0.315569108592421
19.533455881,extension,-1.3326345939096025,21.317811454148952,1.0,-0.12390065798028105
19.566862294,extension,-1.2937237671091415,18.85089979511754,1.0,-0.5258375292962146
19.600241705,extension,-1.2560464243326737,16.392300196636505,1.0,-1.013731947327922
19.633597663,extension,-4.008426334315444,14.221844811266749,1.0,-0.7928201808563221
19.666745756,extension,-2.3563390574955614,12.241119481270186,1.0,-0.3719006121886069
19.700236028,extension,-4.131703949615848,10.353267575384487,1.0,-0.0706370166757132
19.733456909,extension,-2.145525387192799,8.591598039584683,1.0,0.02168171120426088
19.766789052,extension,-6.2320778643487875,7.07396417701959,1.0,0.2033362921570061
19.800443836,extension,-0.6542875455059989,5.76503840145149,1.0,-0.026344360518772647
19.833501197,extension,-0.5776799892165436,4.764409125652914,1.0,-0.6102612623081708
19.866790207,extension,-0.52457782172127,3.7474562188998823,1.0,-1.2171635222374126
19.900192652,extension,-0.4878321299355496,2.7832130481590047,1.0,-1.8815591995112353
19.933465993,flexion,-6.4438859656375955,1.911798445211544,-5.0,-2.550915339392346
19.96710115,flexion,-6.1938534237511655,1.3637450961731707,-5.0,-2.973717068345104
20.000208335,flexion,-6.012979319804409,1.1979018522569769,-5.0,-3.142989153752214
20.033471106,flexion,-3.8915776674239644,1.2997961301074878,-5.0,-1.3099263268983727
20.066805072,flexion,-3.7778032575064846,1.6411693566659682,-5.0,0.3556298458042261
20.10016174,flexion,-3.666780652409977,2.236079442159216,-5.0,0.8979836353452033
20.133506577,flexion,-3.5244939473323136,3.0415480326433846,-5.0,1.403625064242013
20.166814753,flexion,-3.4210036953443206,4.064637047381528,-5.0,1.6673272911639323
20.200085649,flexion,-3.32172554940023,5.338600883155773,-5.0,1.7715987850841401
20.233484248,flexion,-3.1917569179164595,6.781920035297256,-5.0,1.5795605881896981
20.266797664,flexion,-3.097001102155819,8.422168201334387,-5.0,2.0289706764577744
20.300131299,flexion,-3.0064935695811954,10.311618136941078,-5.0,2.6372278215087968
20.333442131,flexion,-2.890811382863526,12.332511356743584,-5.0,2.4181730509108714
20.366776577,flexion,-2.8044290774721468,14.531764331853468,-5.0,2.018345135025968
20.400247072,flexion,-2.7230435338490055,16.978204733756165,-5.0,2.1934117508362627
20.433496778,flexion,3.546482291373105,19.5018907358355,-5.0,2.5097048263781114
20.466817749,flexion,14.31195121548977,22.01315265502941,-5.0,1.84464774413951
20.500246344,flexion,-2.6644850532593667,24.61559243551569,-5.0,1.0220246973196438
20.533416118,flexion,16.595452891705005,27.092719538142887,-5.0,0.4044836747546615
20.566773608,flexion,-2.7391021117190375,29.194098825534912,-5.0,-0.01566186821971538
20.600250826,flexion,-2.781822654843784,30.80136225608201,-5.0,0.04537668805287401
20.633445497,flexion,1.8362056249204461,33.05113382616825,-5.0,-0.42790279071960946
20.666794822,flexion,2.567767286661143,35.334751446442446,-5.0,-1.0202763124546228
